{"scenario":"insert_recovery","scale":"1m","ops":1000000,"ops_per_sec":434927.1510613446,"p50_us":0,"p99_us":0,"max_us":0,"file_mib":208,"logical_mib":206.37903213500977,"rss_mib":208.859375,"note":"reopen=26ms first_read=48us fl_encode_ms=2 fl_extents_total=101867 commits=101 setlength_ms=0 setlength_calls=13 fl_rebuild_ms=0 fl_clone_ms=0 minflt=27515 majflt=13209"}
{"scenario":"lookup_query","scale":"1m","ops":100000,"ops_per_sec":1116268.1583759924,"p50_us":0.75,"p99_us":3.584,"max_us":20.25,"file_mib":400,"logical_mib":394.3788032531738,"rss_mib":417.265625,"note":"eq=1315us full=44ms idx_eq_us=1315 rows_eq=10000"}
{"scenario":"churn_compaction","scale":"1m","ops":40000,"ops_per_sec":11995.091458636483,"p50_us":33085.542,"p99_us":59725.958,"max_us":60261.25,"file_mib":96,"logical_mib":91.24377822875977,"rss_mib":417.265625,"note":"live=20000 next_row=20000 dead_ratio=0.00 W=20000 iters=40 bound=held comparison=skipped"}
{"scenario":"blobs_pitr","scale":"1m","ops":8,"ops_per_sec":40.33259264207471,"p50_us":0.083,"p99_us":0.125,"max_us":9.958,"file_mib":272,"logical_mib":264.0002250671387,"rss_mib":417.265625,"note":"blobs=8x24MiB(chunked) put_MiBps=1027 get_MiBps=16787 latest_p50_us=0.08 hist_p50_us=0.08 overhead_pct=0.0 (file/logical from blob db; latencies from latest reads)"}
{"scenario":"types_crud","scale":"1m","ops":350000,"ops_per_sec":19353.293077922302,"p50_us":3.875,"p99_us":392.125,"max_us":864.25,"file_mib":1280,"logical_mib":1267.203456878662,"rss_mib":1343.03125,"note":"create_p50_us=3.8 read_p50_us=1.7 update_p50_us=4.8 delete_p50_us=143.9 rows=200000 kinds=int,bool,blob,link,dict,set,set_blob"}
{"scenario":"embedded_crud","scale":"1m","ops":350000,"ops_per_sec":67195.40328395064,"p50_us":2.958,"p99_us":76.583,"max_us":730.542,"file_mib":560,"logical_mib":559.8047370910645,"rss_mib":1343.03125,"note":"create_p50_us=2.9 read_p50_us=0.3 update_p50_us=5.0 delete_p50_us=9.4 owners=200000 child_props=2"}
{"scenario":"nested_embedded","scale":"1m","ops":150000,"ops_per_sec":92322.51595173666,"p50_us":2.25,"p99_us":24.959,"max_us":431.709,"file_mib":464,"logical_mib":461.5484428405762,"rss_mib":1343.03125,"note":"d1_create_us=2.6 d1_read_us=0.2 d2_create_us=5.0 d2_read_us=0.5 d3_create_us=7.5 d3_read_us=0.8 rows=50000 max_depth=3"}
{"scenario":"bulk_import","scale":"1m","ops":1000000,"ops_per_sec":12876690.18791572,"p50_us":0,"p99_us":0,"max_us":0,"file_mib":64,"logical_mib":63.23640823364258,"rss_mib":1343.03125,"note":"bulk_ms=77 rowwise_ms=2284 speedup=29.4x bulk_faults=6498 rowwise_faults=40666 bulk_commits=1 rowwise_commits=100"}
{"scenario":"bulk_append","scale":"1m","ops":500000,"ops_per_sec":15084188.931155792,"p50_us":0,"p99_us":0,"max_us":0,"file_mib":64,"logical_mib":63.258060455322266,"rss_mib":1343.03125,"note":"bulk_ms=33 rowwise_ms=1126 speedup=34.0x bulk_faults=2281 rowwise_faults=13753 bulk_commits=1 rowwise_commits=50 base=500000 m=500000 fallback_ok=true"}
