{"scenario":"insert_recovery","scale":"1m","ops":1000000,"ops_per_sec":416779.3636329349,"p50_us":0,"p99_us":0,"max_us":0,"file_mib":208,"logical_mib":206.37903213500977,"rss_mib":208.96875,"note":"reopen=34ms first_read=43us"}
{"scenario":"lookup_query","scale":"1m","ops":100000,"ops_per_sec":1030367.0604344901,"p50_us":0.792,"p99_us":4.459,"max_us":135.334,"file_mib":400,"logical_mib":394.3788032531738,"rss_mib":418.84375,"note":"eq=1411us full=54ms idx_eq_us=1411 rows_eq=10000"}
{"scenario":"churn_compaction","scale":"1m","ops":40000,"ops_per_sec":12036.561055409462,"p50_us":32637.125,"p99_us":58869.208,"max_us":59705.75,"file_mib":96,"logical_mib":91.08696365356445,"rss_mib":418.84375,"note":"live=20000 next_row=20000 dead_ratio=0.00 W=20000 iters=40 bound=held comparison=skipped"}
{"scenario":"blobs_pitr","scale":"1m","ops":8,"ops_per_sec":44.513574272587405,"p50_us":0.042,"p99_us":0.166,"max_us":11.667,"file_mib":272,"logical_mib":264.0002250671387,"rss_mib":418.84375,"note":"blobs=8x24MiB(chunked) put_MiBps=1209 get_MiBps=9160 latest_p50_us=0.04 hist_p50_us=0.04 overhead_pct=0.0 (file/logical from blob db; latencies from latest reads)"}
{"scenario":"types_crud","scale":"1m","ops":350000,"ops_per_sec":19135.261060277895,"p50_us":3.958,"p99_us":388.875,"max_us":1957.208,"file_mib":1280,"logical_mib":1267.203456878662,"rss_mib":1329.578125,"note":"create_p50_us=3.9 read_p50_us=2.0 update_p50_us=4.8 delete_p50_us=144.3 rows=200000 kinds=int,bool,blob,link,dict,set,set_blob"}
{"scenario":"embedded_crud","scale":"1m","ops":350000,"ops_per_sec":64906.118082846835,"p50_us":3.041,"p99_us":77.791,"max_us":1448.541,"file_mib":560,"logical_mib":559.8047370910645,"rss_mib":1329.578125,"note":"create_p50_us=2.9 read_p50_us=0.3 update_p50_us=5.0 delete_p50_us=9.3 owners=200000 child_props=2"}
{"scenario":"nested_embedded","scale":"1m","ops":150000,"ops_per_sec":89575.69330550527,"p50_us":2.292,"p99_us":24.833,"max_us":3128.709,"file_mib":464,"logical_mib":461.5484428405762,"rss_mib":1329.578125,"note":"d1_create_us=2.7 d1_read_us=0.3 d2_create_us=5.0 d2_read_us=0.5 d3_create_us=7.8 d3_read_us=0.7 rows=50000 max_depth=3"}
