{"scenario":"insert_recovery","scale":"1m","ops":1000000,"ops_per_sec":429168.9312909777,"p50_us":0,"p99_us":0,"max_us":0,"file_mib":192,"logical_mib":191.09417343139648,"rss_mib":193.578125,"note":"reopen=23ms first_read=36us"}
{"scenario":"lookup_query","scale":"1m","ops":100000,"ops_per_sec":1126298.939448761,"p50_us":0.792,"p99_us":3.166,"max_us":21.041,"file_mib":192,"logical_mib":191.09417343139648,"rss_mib":226.5625,"note":"eq=73773us full=50ms rows_eq=10000"}
{"scenario":"churn_compaction","scale":"1m","ops":40000,"ops_per_sec":11865.522107566994,"p50_us":33949,"p99_us":59022,"max_us":60176.041,"file_mib":96,"logical_mib":89.46869277954102,"rss_mib":226.5625,"note":"live=20000 next_row=20000 dead_ratio=0.00 W=20000 iters=40 bound=held comparison=skipped"}
{"scenario":"blobs_pitr","scale":"1m","ops":8,"ops_per_sec":47.002109954092155,"p50_us":0.042,"p99_us":0.084,"max_us":5.25,"file_mib":272,"logical_mib":264.0002250671387,"rss_mib":288.28125,"note":"blobs=8x24MiB(chunked) put_MiBps=1211 get_MiBps=16379 latest_p50_us=0.04 hist_p50_us=0.04 overhead_pct=0.0 (file/logical from blob db; latencies from latest reads)"}
{"scenario":"types_crud","scale":"1m","ops":350000,"ops_per_sec":19123.9278566054,"p50_us":3.833,"p99_us":391.959,"max_us":960.792,"file_mib":1216,"logical_mib":1205.8867683410645,"rss_mib":1268.09375,"note":"create_p50_us=3.8 read_p50_us=1.7 update_p50_us=4.5 delete_p50_us=147.0 rows=200000 kinds=int,bool,blob,link,dict,set,set_blob"}
{"scenario":"embedded_crud","scale":"1m","ops":350000,"ops_per_sec":64444.98959218113,"p50_us":2.958,"p99_us":77.834,"max_us":1422.083,"file_mib":544,"logical_mib":540.7306938171387,"rss_mib":1268.09375,"note":"create_p50_us=2.9 read_p50_us=0.3 update_p50_us=5.0 delete_p50_us=9.3 owners=200000 child_props=2"}
{"scenario":"nested_embedded","scale":"1m","ops":150000,"ops_per_sec":91723.21555267942,"p50_us":2.167,"p99_us":14.833,"max_us":380.834,"file_mib":448,"logical_mib":445.5293998718262,"rss_mib":1268.09375,"note":"d1_create_us=2.6 d1_read_us=0.2 d2_create_us=5.2 d2_read_us=0.5 d3_create_us=7.5 d3_read_us=0.7 rows=50000 max_depth=3"}
