{"scenario":"insert_recovery","scale":"1m","ops":1000000,"ops_per_sec":428539.15045163763,"p50_us":0,"p99_us":0,"max_us":0,"file_mib":208,"logical_mib":206.37903213500977,"rss_mib":208.84375,"note":"reopen=32ms first_read=22us fl_encode_ms=2 fl_extents_total=101867 commits=101 setlength_ms=0 setlength_calls=13 fl_rebuild_ms=0 fl_clone_ms=1 minflt=27514 majflt=13209"}
{"scenario":"lookup_query","scale":"1m","ops":100000,"ops_per_sec":906534.7530477403,"p50_us":0.875,"p99_us":4.792,"max_us":191.542,"file_mib":400,"logical_mib":394.3788032531738,"rss_mib":419.390625,"note":"eq=1746us full=44ms idx_eq_us=1746 rows_eq=10000"}
{"scenario":"churn_compaction","scale":"1m","ops":40000,"ops_per_sec":11612.489624512687,"p50_us":34415.875,"p99_us":62960.708,"max_us":65614.458,"file_mib":96,"logical_mib":91.24377822875977,"rss_mib":419.390625,"note":"live=20000 next_row=20000 dead_ratio=0.00 W=20000 iters=40 bound=held comparison=skipped"}
{"scenario":"blobs_pitr","scale":"1m","ops":8,"ops_per_sec":43.876778145512105,"p50_us":0.042,"p99_us":0.125,"max_us":20.042,"file_mib":272,"logical_mib":264.0002250671387,"rss_mib":419.390625,"note":"blobs=8x24MiB(chunked) put_MiBps=1132 get_MiBps=15118 latest_p50_us=0.04 hist_p50_us=0.04 overhead_pct=0.0 (file/logical from blob db; latencies from latest reads)"}
{"scenario":"types_crud","scale":"1m","ops":350000,"ops_per_sec":18594.304285693353,"p50_us":3.958,"p99_us":416.417,"max_us":2456.5,"file_mib":1280,"logical_mib":1267.203456878662,"rss_mib":1356.40625,"note":"create_p50_us=3.9 read_p50_us=1.9 update_p50_us=4.8 delete_p50_us=149.3 rows=200000 kinds=int,bool,blob,link,dict,set,set_blob"}
{"scenario":"embedded_crud","scale":"1m","ops":350000,"ops_per_sec":63658.81975958139,"p50_us":2.917,"p99_us":78.458,"max_us":477.792,"file_mib":560,"logical_mib":559.8047370910645,"rss_mib":1356.40625,"note":"create_p50_us=2.8 read_p50_us=0.3 update_p50_us=5.1 delete_p50_us=9.3 owners=200000 child_props=2"}
{"scenario":"nested_embedded","scale":"1m","ops":150000,"ops_per_sec":90374.72977955797,"p50_us":2.209,"p99_us":25.458,"max_us":830.333,"file_mib":464,"logical_mib":461.5484428405762,"rss_mib":1356.40625,"note":"d1_create_us=2.6 d1_read_us=0.2 d2_create_us=5.0 d2_read_us=0.5 d3_create_us=7.5 d3_read_us=0.7 rows=50000 max_depth=3"}
{"scenario":"bulk_import","scale":"1m","ops":1000000,"ops_per_sec":13586979.597451761,"p50_us":0,"p99_us":0,"max_us":0,"file_mib":64,"logical_mib":63.23640823364258,"rss_mib":1356.40625,"note":"bulk_ms=73 rowwise_ms=2308 speedup=31.4x bulk_faults=6502 rowwise_faults=40666 bulk_commits=1 rowwise_commits=100"}
