{"scenario":"insert_recovery","scale":"1m","ops":1000000,"ops_per_sec":428764.1887615424,"p50_us":0,"p99_us":0,"max_us":0,"file_mib":192,"logical_mib":191.09417343139648,"rss_mib":193.703125,"note":"reopen=24ms first_read=62us"}
{"scenario":"lookup_query","scale":"1m","ops":100000,"ops_per_sec":1097642.6214805543,"p50_us":0.833,"p99_us":3.291,"max_us":29.125,"file_mib":192,"logical_mib":191.09417343139648,"rss_mib":226.71875,"note":"eq=79700us full=48ms rows_eq=10000"}
{"scenario":"churn_compaction","scale":"1m","ops":40000,"ops_per_sec":12236.571157308323,"p50_us":33071.167,"p99_us":59095.375,"max_us":60082.625,"file_mib":96,"logical_mib":88.24020767211914,"rss_mib":226.71875,"note":"live=20000 next_row=20000 dead_ratio=0.00 W=20000 iters=40 bound=held comparison=skipped"}
{"scenario":"blobs_pitr","scale":"1m","ops":8,"ops_per_sec":52.42675795143859,"p50_us":0.042,"p99_us":0.084,"max_us":11.25,"file_mib":272,"logical_mib":264.0002250671387,"rss_mib":287.15625,"note":"blobs=8x24MiB(chunked) put_MiBps=1364 get_MiBps=16243 latest_p50_us=0.04 hist_p50_us=0.04 overhead_pct=0.0 (file/logical from blob db; latencies from latest reads)"}
{"scenario":"types_crud","scale":"1m","ops":350000,"ops_per_sec":19409.44256960077,"p50_us":3.833,"p99_us":386.875,"max_us":3539.125,"file_mib":1216,"logical_mib":1205.8867683410645,"rss_mib":1280.109375,"note":"create_p50_us=3.8 read_p50_us=1.8 update_p50_us=4.5 delete_p50_us=139.6 rows=200000 kinds=int,bool,blob,link,dict,set,set_blob"}
{"scenario":"embedded_crud","scale":"1m","ops":350000,"ops_per_sec":65680.95658308147,"p50_us":2.834,"p99_us":74.666,"max_us":2522.5,"file_mib":544,"logical_mib":540.7306938171387,"rss_mib":1280.109375,"note":"create_p50_us=2.8 read_p50_us=0.3 update_p50_us=5.0 delete_p50_us=9.3 owners=200000 child_props=2"}
{"scenario":"nested_embedded","scale":"1m","ops":150000,"ops_per_sec":92714.02461463898,"p50_us":2.291,"p99_us":14.625,"max_us":2103.583,"file_mib":448,"logical_mib":445.5293998718262,"rss_mib":1280.109375,"note":"d1_create_us=2.7 d1_read_us=0.2 d2_create_us=4.9 d2_read_us=0.5 d3_create_us=7.2 d3_read_us=0.7 rows=50000 max_depth=3"}
